Student_ID,Hours_Studied_Per_Week,Attendance_Percent,Assignments_Completed,Quiz_Average,Project_Score,Internet_Usage_Hours_Per_Day,Extracurricular_Activities_Per_Month,Sleep_Hours_Per_Day,Study_Group_Participation,Suggested_Cluster_Label,Cluster
1,32.0,95.9,19,100.0,82.5,0.0,5,7.9,1,High Performer,4
2,28.7,84.7,16,85.5,82.0,0.6,4,8.4,1,High Performer,4
3,14.5,76.0,16,89.6,74.2,4.7,5,7.7,0,Average Performer,1
4,14.5,69.7,12,70.7,91.0,4.2,3,7.9,1,Active Balanced,8
5,31.4,96.4,18,91.2,90.4,2.8,4,8.6,1,High Performer,5
6,19.6,76.8,8,71.8,73.2,2.5,2,6.8,1,Average Performer,2
7,14.1,64.3,2,50.7,65.6,4.4,1,6.0,0,At Risk,0
8,19.6,89.7,10,71.9,70.6,0.3,3,6.5,1,Average Performer,2
9,16.1,91.0,12,83.6,82.5,2.9,4,9.5,1,Average Performer,3
10,27.9,97.6,17,94.5,100.0,0.5,3,6.8,1,High Performer,5
11,16.8,62.5,11,55.9,53.9,5.0,1,6.9,0,At Risk,0
12,23.4,99.2,14,74.0,63.0,3.2,3,8.1,1,Active Balanced,3
13,20.9,91.7,7,69.6,75.7,4.0,3,6.9,1,Average Performer,2
14,2.6,65.3,8,52.0,56.7,6.6,0,6.8,0,At Risk,7
15,19.9,87.7,10,71.1,81.8,2.6,3,7.8,1,Average Performer,2
16,3.7,56.6,9,43.0,70.2,5.7,1,6.0,0,At Risk,0
17,15.5,81.6,12,70.3,77.8,4.2,2,7.6,1,Average Performer,8
18,21.7,79.6,6,67.7,73.2,2.2,3,7.8,1,Average Performer,2
19,2.0,68.6,5,43.1,61.6,6.9,0,6.2,0,At Risk,7
20,13.1,78.3,12,76.6,84.1,4.5,3,7.4,0,Average Performer,8
21,40.0,100.0,20,69.9,100.0,0.4,5,8.3,1,High Performer,4
22,32.9,95.2,18,73.9,100.0,2.3,3,7.1,0,High Performer,5
23,22.4,92.9,18,75.9,71.2,2.2,7,7.6,0,Active Balanced,6
24,15.8,89.8,13,74.8,73.6,7.3,4,5.2,1,Average Performer,1
25,14.7,81.1,16,78.8,69.6,3.4,3,8.0,1,Average Performer,8
26,19.6,79.2,10,67.6,88.2,5.8,4,9.5,1,Average Performer,1
27,22.2,93.1,20,93.5,95.4,2.6,4,8.3,1,High Performer,5
28,26.9,90.6,15,91.4,88.4,3.0,3,8.5,1,High Performer,5
29,15.0,91.4,12,67.7,71.8,2.9,0,6.9,1,Average Performer,8
30,18.2,89.0,13,75.9,87.7,4.1,5,6.0,1,Active Balanced,1
31,37.2,100.0,17,83.8,97.5,2.4,2,7.2,1,High Performer,5
32,29.2,98.9,17,88.0,93.7,2.7,1,6.6,1,High Performer,5
33,19.3,79.7,15,85.2,79.6,5.7,4,8.4,1,Average Performer,1
34,11.0,80.7,17,85.6,86.2,4.8,2,7.2,1,Average Performer,8
35,11.3,52.2,7,66.6,52.8,7.9,3,6.4,0,At Risk,0
36,11.8,68.2,5,59.9,57.1,8.4,1,6.5,0,At Risk,7
37,0.0,72.8,11,66.4,58.9,7.5,0,6.2,0,At Risk,7
38,8.9,80.2,13,69.3,69.9,2.6,6,6.7,1,Average Performer,6
39,4.8,59.6,5,45.4,62.2,9.5,0,6.7,0,At Risk,7
40,25.8,87.8,14,76.1,92.3,0.7,4,6.4,1,Active Balanced,3
41,7.1,81.1,17,69.7,72.5,2.8,2,5.8,1,Average Performer,8
42,22.8,79.7,10,73.6,77.7,4.1,5,7.0,1,Average Performer,1
43,24.9,82.0,13,70.3,80.3,3.6,4,5.6,1,Active Balanced,3
44,12.0,90.5,19,75.0,75.6,0.0,4,7.5,1,Active Balanced,3
45,12.6,69.9,8,66.9,92.6,1.4,5,6.3,1,Active Balanced,2
46,10.5,81.7,9,72.7,82.0,2.0,1,5.7,1,Average Performer,8
47,0.0,69.1,6,62.2,60.6,6.5,2,6.4,0,At Risk,0
48,22.8,80.7,16,73.3,86.7,0.0,7,6.1,1,Active Balanced,6
49,8.2,90.4,13,85.6,95.8,0.8,3,6.9,1,Active Balanced,3
50,9.8,89.4,17,85.1,85.3,2.2,4,7.7,1,Active Balanced,3
51,22.1,81.0,15,67.1,74.3,3.4,0,7.5,1,Average Performer,8
52,10.5,66.5,9,55.6,50.2,7.0,0,5.8,0,At Risk,7
53,28.0,92.7,20,86.3,100.0,3.9,4,7.6,1,High Performer,5
54,25.6,82.6,15,87.6,88.8,2.6,3,6.1,1,Average Performer,5
55,28.5,90.9,17,97.8,99.4,1.0,5,7.1,1,High Performer,4
56,14.8,91.7,15,79.4,67.2,7.7,6,7.0,1,Average Performer,1
57,19.0,85.8,14,77.0,75.9,4.0,4,7.5,1,Active Balanced,1
58,12.5,71.5,14,79.2,74.6,4.8,1,5.9,1,Average Performer,8
59,5.4,69.7,8,52.4,45.3,7.9,0,5.3,0,At Risk,7
60,12.0,67.0,8,57.2,51.0,9.0,0,5.8,0,At Risk,7
61,22.9,87.7,7,74.0,71.8,1.6,0,6.9,1,Average Performer,2
62,18.0,78.8,16,63.3,77.6,1.3,4,6.2,1,Average Performer,3
63,5.7,69.8,6,48.1,57.1,2.6,1,5.3,0,At Risk,0
64,3.0,78.1,5,52.8,65.3,6.1,3,6.0,0,At Risk,0
65,20.7,91.4,20,99.5,73.8,2.2,2,7.1,1,High Performer,5
66,29.2,94.8,20,90.2,91.9,0.0,4,7.3,1,High Performer,5
67,10.2,67.7,3,52.0,48.9,5.6,1,5.0,0,At Risk,0
68,17.7,84.7,18,67.9,75.7,4.2,5,7.5,1,Active Balanced,1
69,16.4,90.9,14,79.8,72.6,2.1,4,6.9,1,Average Performer,3
70,37.7,88.9,12,90.6,79.1,0.0,1,6.6,1,High Performer,5
71,23.9,74.9,14,75.1,71.3,6.8,2,6.5,1,Average Performer,1
72,25.4,95.7,13,74.7,84.1,4.9,5,6.9,1,Active Balanced,1
73,29.0,100.0,20,79.8,100.0,2.4,5,6.6,1,High Performer,4
74,16.9,91.8,13,68.2,78.2,2.2,5,6.8,1,Active Balanced,6
75,30.8,90.1,17,81.8,100.0,0.9,2,7.2,1,High Performer,5
76,24.1,96.6,10,94.1,84.1,2.4,5,6.1,1,Active Balanced,4
77,14.0,79.6,15,87.7,91.7,2.2,5,6.8,1,Active Balanced,6
78,14.8,80.5,9,81.2,76.7,4.5,6,8.3,1,Average Performer,1
79,8.1,82.1,10,72.6,87.4,0.0,3,7.8,0,Average Performer,8
80,23.5,85.7,10,75.1,68.0,6.0,2,7.1,1,Average Performer,2
81,10.4,57.1,3,41.5,49.3,7.7,0,7.0,0,At Risk,7
82,24.1,87.1,12,61.3,86.6,2.7,4,5.1,1,Average Performer,3
83,14.4,94.8,18,57.7,81.8,3.0,3,7.2,1,Active Balanced,3
84,12.6,100.0,18,82.4,84.4,6.3,2,8.4,1,Active Balanced,3
85,2.9,74.1,3,42.4,67.5,4.1,0,6.3,0,At Risk,0
86,19.7,91.2,17,85.4,84.0,2.1,5,8.8,1,High Performer,4
87,20.8,98.7,19,86.6,91.9,0.6,3,7.8,1,High Performer,5
88,14.7,83.4,13,80.7,67.9,4.2,6,7.4,1,Average Performer,1
89,0.0,67.6,9,49.7,55.6,9.2,4,6.7,0,At Risk,7
90,19.7,85.2,11,68.1,100.0,3.5,4,6.6,1,Active Balanced,3
91,11.2,64.7,10,53.4,56.4,9.3,0,4.6,0,At Risk,7
92,22.1,95.5,8,78.9,78.3,3.4,4,7.4,1,Active Balanced,2
93,8.5,71.1,10,67.5,66.2,4.9,3,6.5,1,Average Performer,8
94,24.0,85.7,17,78.4,70.7,2.6,3,7.7,1,Average Performer,3
95,24.1,86.8,18,67.5,80.9,3.1,5,6.6,1,Active Balanced,3
96,13.3,100.0,13,68.6,94.6,5.2,5,6.1,1,Active Balanced,1
97,0.0,58.4,7,53.6,58.2,7.4,2,5.1,0,At Risk,7
98,26.2,89.8,15,84.5,79.0,2.4,4,10.0,1,High Performer,4
99,36.6,100.0,20,94.6,83.7,0.0,5,7.2,1,High Performer,4
100,17.1,80.5,9,63.9,71.4,2.5,7,7.4,1,Active Balanced,6
101,17.4,79.5,11,63.8,83.5,3.8,2,7.1,1,Average Performer,2
102,26.7,92.1,15,64.4,67.6,4.5,5,8.6,1,Active Balanced,1
103,23.7,87.0,13,78.4,80.9,2.8,5,8.2,1,Average Performer,6
104,16.2,90.7,12,74.2,72.3,4.6,2,5.9,1,Average Performer,8
105,10.9,65.5,8,61.0,60.2,7.4,0,6.0,0,At Risk,7
106,13.0,84.0,12,76.3,60.3,2.0,3,7.1,1,Average Performer,2
107,23.0,82.0,18,85.9,67.9,4.3,5,7.6,1,Active Balanced,1
108,12.0,58.1,9,52.4,67.1,4.1,2,6.7,0,At Risk,0
109,6.5,88.2,7,80.7,65.6,5.7,3,7.4,1,Average Performer,8
110,32.4,100.0,16,81.0,86.0,2.8,2,6.2,1,Active Balanced,5
111,4.5,58.7,11,41.4,42.2,8.9,2,6.0,0,At Risk,7
112,18.2,86.5,15,77.3,69.9,3.2,3,6.7,1,Average Performer,3
113,27.6,72.3,16,68.0,82.8,2.7,8,6.6,1,Active Balanced,6
114,10.1,70.7,5,56.9,62.0,6.6,1,5.7,0,At Risk,0
115,27.9,90.1,16,91.5,81.2,4.1,4,6.5,1,High Performer,5
116,16.8,82.1,11,80.5,80.2,1.8,4,6.3,1,Average Performer,2
117,26.6,97.8,16,78.3,83.2,1.7,5,9.8,1,High Performer,4
118,17.1,83.3,7,72.0,79.9,2.1,3,7.5,1,Average Performer,2
119,6.5,82.0,12,70.1,77.5,3.6,6,7.0,1,Average Performer,6
120,15.0,86.2,11,79.2,85.1,1.5,7,6.1,1,Active Balanced,6
121,15.2,72.1,6,65.7,50.1,6.7,0,6.5,0,At Risk,7
122,30.6,90.5,18,89.2,82.7,4.5,3,7.7,1,High Performer,5
123,9.2,74.0,6,43.3,64.1,9.8,0,5.8,0,At Risk,7
124,1.6,71.5,3,56.8,60.4,5.6,1,5.8,0,At Risk,0
125,26.0,100.0,20,93.3,100.0,3.7,5,6.6,1,High Performer,4
126,27.8,82.9,20,83.9,84.3,1.0,4,7.8,1,High Performer,4
127,9.1,64.7,5,53.2,51.5,1.7,0,5.6,0,At Risk,0
128,28.4,82.7,15,66.5,75.9,2.6,5,8.2,1,Active Balanced,6
129,6.9,78.7,10,52.6,59.9,7.6,0,4.3,0,At Risk,7
130,26.8,95.6,17,86.8,89.2,2.0,4,8.1,1,Active Balanced,5
131,24.8,89.2,16,93.8,92.4,3.1,6,7.2,1,High Performer,4
132,30.7,91.5,20,78.0,89.5,1.8,2,6.6,0,High Performer,5
133,13.6,79.7,14,84.1,63.8,1.3,3,6.6,1,Average Performer,8
134,26.0,79.0,11,79.2,78.3,3.3,8,7.6,0,Active Balanced,6
135,7.8,94.5,15,72.1,74.4,5.7,0,6.4,1,Average Performer,8
136,7.8,83.6,11,65.4,76.9,6.6,2,6.4,1,Average Performer,8
137,28.3,89.4,19,85.5,72.1,3.7,4,8.4,1,High Performer,4
138,28.9,89.6,20,85.5,92.2,2.3,5,8.5,1,High Performer,4
139,7.7,61.3,5,69.7,56.5,6.1,1,5.0,0,At Risk,0
140,7.1,65.9,8,65.2,54.0,4.2,2,5.8,0,At Risk,0
141,8.2,88.0,11,74.0,84.9,2.6,5,6.9,1,Average Performer,6
142,22.8,94.5,14,73.3,81.8,1.9,3,5.9,1,Active Balanced,3
143,23.6,100.0,12,71.0,90.0,2.3,4,6.8,1,High Performer,3
144,0.0,69.4,8,48.9,67.7,8.3,0,6.7,0,At Risk,7
145,16.7,79.7,13,64.3,75.4,4.5,3,7.0,1,Average Performer,2
146,17.6,87.8,19,80.7,91.0,3.7,2,7.0,1,Active Balanced,3
147,2.3,67.7,0,62.4,55.3,8.0,0,5.1,0,At Risk,7
148,24.2,94.6,17,76.1,81.1,0.5,4,8.5,1,High Performer,3
149,0.0,68.7,8,62.5,45.8,7.9,3,5.2,0,At Risk,7
150,30.8,100.0,20,78.6,100.0,0.1,1,8.2,1,High Performer,5
151,21.8,88.6,15,70.5,76.3,4.6,3,6.5,1,Active Balanced,3
152,26.5,87.3,16,78.7,96.9,2.0,5,7.4,1,High Performer,4
153,22.1,86.2,15,65.7,86.4,5.4,3,4.5,1,Active Balanced,3
154,30.6,80.7,20,84.8,91.2,0.6,1,7.2,1,High Performer,5
155,24.1,93.2,17,92.5,86.9,0.0,5,8.2,1,High Performer,4
156,30.3,82.7,15,66.3,84.0,0.0,4,7.9,1,Average Performer,3
157,20.8,100.0,17,78.4,91.8,0.0,8,8.5,1,High Performer,4
158,2.7,74.1,10,44.9,54.6,7.1,0,4.2,0,At Risk,7
159,23.8,94.3,20,100.0,93.0,6.3,3,7.4,1,High Performer,5
160,8.6,69.2,8,45.8,56.0,9.1,4,6.5,0,At Risk,7
161,10.5,57.5,6,53.3,69.0,7.7,0,5.3,0,At Risk,7
162,22.8,85.2,18,83.1,100.0,0.0,4,7.2,1,High Performer,4
163,26.9,91.2,15,92.5,87.6,2.8,5,7.0,1,High Performer,4
164,19.7,92.6,16,71.5,81.4,1.6,5,7.2,1,Active Balanced,6
165,16.4,60.3,0,65.1,70.0,5.1,3,5.3,0,At Risk,0
166,22.7,82.0,14,97.1,86.8,0.0,5,7.4,1,Active Balanced,4
167,26.7,100.0,20,78.0,89.8,2.2,5,7.8,1,High Performer,4
168,24.8,83.3,16,73.2,81.8,2.3,5,5.8,1,Active Balanced,6
169,10.2,56.3,5,52.3,64.3,8.0,3,5.7,0,At Risk,0
170,22.1,85.9,14,82.7,89.5,1.0,5,6.4,1,Active Balanced,6
171,11.0,62.4,3,61.9,63.9,5.0,0,5.8,0,At Risk,0
172,20.4,90.7,11,67.7,64.2,0.2,4,7.0,0,Active Balanced,2
173,24.8,91.9,14,70.3,84.9,1.4,6,7.8,0,High Performer,6
174,18.8,94.3,18,97.1,87.8,3.3,5,7.0,1,Active Balanced,4
175,8.7,88.5,17,65.2,75.7,3.4,4,7.2,1,Average Performer,3
176,26.6,86.3,16,84.2,80.2,1.1,7,7.0,1,Active Balanced,6
177,4.5,62.1,6,65.2,61.4,11.8,1,6.4,0,At Risk,7
178,14.5,56.1,6,66.7,52.9,6.4,3,4.2,0,At Risk,0
179,25.2,72.2,15,71.8,81.0,5.8,4,7.9,1,Active Balanced,1
180,21.7,84.6,10,67.1,73.6,6.3,5,6.8,1,Average Performer,1
181,14.9,80.2,8,79.6,87.1,5.8,5,6.8,1,Average Performer,1
182,17.8,83.4,14,84.9,82.4,0.6,2,8.1,1,Active Balanced,3
183,30.7,92.7,19,84.6,100.0,0.0,3,8.1,1,High Performer,5
184,2.0,65.7,6,51.5,56.4,8.5,1,6.8,0,At Risk,7
185,22.1,85.6,12,77.8,86.6,1.5,5,6.1,1,Active Balanced,6
186,6.2,67.3,2,55.2,53.0,9.4,0,6.2,0,At Risk,7
187,26.2,96.8,20,87.0,90.9,1.9,3,8.1,1,High Performer,5
188,32.4,94.5,20,89.0,100.0,1.0,4,6.8,0,High Performer,5
189,4.4,55.7,9,52.2,61.7,11.4,0,5.9,0,At Risk,7
190,19.7,88.6,9,84.2,71.9,2.0,3,7.4,1,Active Balanced,2
191,12.7,69.3,9,58.8,47.6,6.9,2,6.4,0,At Risk,7
192,15.7,80.3,9,80.0,70.8,4.9,3,5.9,1,Average Performer,2
193,18.0,82.7,16,78.8,89.6,3.0,6,7.6,1,Active Balanced,6
194,22.1,97.4,18,89.9,89.2,0.0,5,7.7,0,High Performer,4
195,12.6,98.5,8,83.7,81.7,3.5,8,6.8,1,Active Balanced,6
196,35.4,98.8,20,75.3,87.7,2.0,4,8.2,1,High Performer,5
197,10.9,85.4,14,85.4,81.0,7.2,5,6.8,1,Active Balanced,1
198,23.1,95.2,19,80.8,85.2,0.3,1,7.5,1,High Performer,5
199,20.3,92.9,15,75.9,77.4,3.0,6,6.0,1,Active Balanced,6
200,13.1,66.2,12,64.7,57.1,5.8,2,4.8,0,At Risk,0
201,12.3,76.7,4,73.6,87.1,3.0,3,6.1,1,Average Performer,2
202,21.4,91.5,17,78.3,89.7,3.6,4,6.9,1,Active Balanced,3
203,26.3,86.2,15,82.5,87.3,5.5,8,6.5,1,Active Balanced,6
204,20.4,88.5,13,71.2,74.6,6.9,4,5.8,1,Average Performer,1
205,6.0,83.8,8,90.4,94.7,4.4,4,6.7,1,Average Performer,8
206,16.0,78.3,8,68.3,79.6,3.4,4,5.7,1,Average Performer,2
207,6.6,73.4,5,55.1,66.9,6.8,3,4.3,0,At Risk,0
208,19.8,81.9,11,63.0,72.5,3.7,2,7.0,1,Average Performer,2
209,8.7,82.0,11,67.3,85.1,0.0,2,6.1,1,Average Performer,8
210,23.8,87.6,15,79.8,91.4,8.5,3,5.3,1,Average Performer,1
211,35.0,91.5,18,79.8,93.2,0.9,4,7.4,1,High Performer,5
212,19.8,87.3,14,69.9,82.3,5.9,5,6.6,1,Active Balanced,1
213,23.8,73.6,15,80.2,87.1,3.9,2,7.0,1,Active Balanced,3
214,12.0,72.5,5,55.5,70.4,6.0,4,8.0,1,At Risk,0
215,32.1,98.8,17,87.1,94.9,2.1,2,7.5,1,High Performer,5
216,21.7,100.0,14,90.2,100.0,1.2,2,7.3,1,High Performer,5
217,12.2,59.7,13,58.8,50.0,11.2,0,5.1,0,At Risk,7
218,23.1,92.3,20,73.8,83.7,1.0,2,6.5,1,High Performer,3
219,14.5,94.9,20,90.8,93.9,0.6,4,5.5,1,High Performer,4
220,33.2,86.9,14,82.5,91.8,0.3,4,7.9,1,High Performer,5
221,26.0,93.0,15,65.9,88.0,3.5,4,6.1,1,Active Balanced,3
222,23.6,100.0,20,75.3,94.6,2.6,4,6.6,1,High Performer,4
223,21.7,89.8,10,74.4,87.4,0.0,7,7.3,1,Active Balanced,6
224,8.1,78.2,11,69.8,79.0,3.3,5,7.6,1,Average Performer,2
225,17.3,99.6,9,92.7,82.3,0.9,4,6.6,1,Active Balanced,6
226,20.4,83.2,18,80.4,77.3,1.3,7,8.6,0,Active Balanced,6
227,13.9,91.0,11,64.4,79.5,5.6,2,8.0,0,Average Performer,8
228,6.3,79.4,14,74.7,68.6,5.1,3,7.3,1,Average Performer,8
229,33.3,92.7,17,79.7,86.8,4.7,5,6.2,1,High Performer,4
230,10.2,65.5,10,51.9,44.2,11.9,3,5.0,0,At Risk,7
231,11.5,84.6,10,91.1,72.9,2.4,7,7.9,1,Active Balanced,6
232,24.1,85.7,16,75.4,73.4,0.4,6,7.8,1,High Performer,6
233,10.0,81.4,9,67.9,68.5,4.6,3,5.7,1,Average Performer,2
234,28.0,89.2,18,91.0,88.4,3.4,2,7.1,1,High Performer,5
235,11.4,81.1,16,80.4,73.1,4.2,5,7.1,1,Average Performer,1
236,28.6,93.1,16,94.0,89.4,2.5,5,5.6,1,High Performer,4
237,18.1,72.6,14,83.8,65.6,5.8,4,6.2,1,Average Performer,1
238,16.2,85.2,17,74.0,73.3,6.9,5,7.1,1,Average Performer,1
239,25.6,94.8,6,79.4,80.9,4.6,4,7.4,1,Active Balanced,2
240,20.4,86.3,8,69.8,86.6,4.8,3,7.3,1,Average Performer,2
241,14.1,84.8,9,79.9,68.5,3.1,1,6.9,1,Average Performer,8
242,10.4,74.4,11,77.4,81.4,3.4,3,6.7,1,Average Performer,8
243,17.7,88.5,8,68.6,68.2,5.1,3,6.0,1,Average Performer,2
244,21.6,80.5,14,68.3,74.9,1.1,4,6.9,1,Average Performer,2
245,24.5,92.6,9,81.4,77.0,1.2,4,6.6,1,High Performer,2
246,21.2,74.1,20,66.0,78.3,4.8,2,8.2,1,Average Performer,3
247,18.0,93.1,10,58.3,69.5,2.8,1,5.9,1,Average Performer,2
248,0.0,55.8,5,65.9,77.4,6.4,3,6.7,0,At Risk,0
249,33.5,100.0,17,89.5,88.0,4.6,4,7.1,1,High Performer,5
250,19.5,82.8,8,62.5,76.7,3.8,5,5.7,1,Average Performer,2
251,21.2,100.0,16,72.6,81.1,2.6,1,6.7,1,High Performer,3
252,18.2,80.8,11,86.4,72.5,0.0,7,7.6,1,Active Balanced,6
253,9.1,59.4,3,50.1,50.7,7.2,1,5.6,0,At Risk,0
254,25.1,100.0,15,82.8,91.4,4.9,5,9.0,1,Active Balanced,4
255,13.3,78.7,5,66.5,58.0,8.7,2,5.5,0,At Risk,7
256,18.6,79.2,13,77.6,79.1,6.1,4,5.9,1,Average Performer,1
257,24.9,82.8,20,87.4,92.1,2.5,2,8.4,1,High Performer,5
258,9.6,72.9,10,55.1,53.7,8.0,1,5.7,0,At Risk,7
259,8.6,86.1,11,69.7,65.6,5.4,3,6.5,1,Average Performer,8
260,24.9,83.6,17,79.5,78.2,2.2,4,6.2,1,Active Balanced,3
261,8.4,54.5,9,45.4,54.9,9.1,0,5.7,0,At Risk,7
262,17.6,78.6,12,62.3,76.0,0.0,2,8.7,1,Average Performer,2
263,8.8,90.7,9,77.8,80.2,5.8,4,6.8,1,Average Performer,1
264,15.6,84.4,12,75.3,66.8,2.5,2,5.7,1,Average Performer,8
265,24.1,88.3,19,90.7,100.0,3.9,5,7.4,1,High Performer,4
266,33.9,92.2,20,93.7,88.3,2.1,7,8.3,1,High Performer,4
267,25.0,100.0,18,84.0,86.7,0.0,6,9.2,0,High Performer,4
268,5.7,66.8,7,56.2,51.8,9.3,0,7.2,0,At Risk,7
269,3.1,64.2,10,53.2,48.4,7.1,4,6.3,0,At Risk,0
270,30.5,100.0,15,97.8,98.7,5.6,4,7.7,1,High Performer,5
271,4.9,67.7,11,48.4,41.2,5.7,1,5.0,0,At Risk,7
272,11.7,64.6,7,48.4,64.8,7.9,0,6.6,0,At Risk,7
273,25.1,91.3,13,93.1,79.3,5.0,6,7.2,1,Active Balanced,1
274,14.3,72.9,13,59.2,76.6,5.3,6,6.8,1,Average Performer,1
275,29.0,94.4,14,85.1,89.6,1.8,3,8.7,1,High Performer,5
276,12.7,71.8,8,55.7,67.3,12.0,3,5.7,0,At Risk,7
277,20.8,76.9,11,65.6,79.3,3.9,4,7.0,1,Average Performer,2
278,26.2,78.4,20,88.5,96.2,0.7,6,7.1,0,High Performer,4
279,3.5,66.5,8,53.5,58.5,6.1,2,6.3,0,At Risk,0
280,9.3,69.7,6,52.8,63.9,7.8,2,5.2,0,At Risk,0
281,30.1,100.0,20,98.1,97.9,1.6,5,7.7,1,High Performer,4
282,17.2,93.4,11,74.6,82.9,5.6,7,7.4,1,Active Balanced,1
283,22.3,91.5,9,81.1,69.5,2.1,3,8.3,1,Average Performer,2
284,20.2,89.1,13,86.4,72.1,6.1,7,8.9,1,Active Balanced,1
285,22.2,81.7,18,80.2,86.6,4.1,5,7.8,1,Active Balanced,3
286,15.1,77.1,9,79.8,69.9,5.5,4,5.8,1,Average Performer,1
287,9.9,72.8,15,49.8,77.5,2.3,1,6.5,1,Average Performer,8
288,16.9,87.8,15,76.4,82.9,3.5,4,7.5,1,Active Balanced,3
289,9.1,50.0,7,54.4,54.5,5.8,2,4.2,1,At Risk,0
290,21.8,64.3,8,58.7,88.1,5.1,3,6.9,1,Average Performer,2
291,8.0,64.1,4,40.0,48.5,6.1,3,8.0,0,At Risk,0
292,3.1,65.9,7,65.2,61.8,9.0,1,5.3,0,At Risk,7
293,14.3,85.7,14,57.8,80.2,4.4,3,6.4,1,Average Performer,2
294,10.9,71.6,5,62.5,55.1,8.2,2,6.1,0,At Risk,7
295,23.3,70.8,13,74.0,96.1,2.5,7,6.6,1,Active Balanced,6
296,22.6,73.8,15,71.6,80.8,6.8,3,5.4,1,Average Performer,1
297,29.8,100.0,19,77.7,87.6,1.4,3,7.5,1,High Performer,5
298,9.2,72.2,11,65.7,64.6,4.6,0,5.2,0,At Risk,8
299,14.4,75.9,13,60.6,84.2,4.6,2,7.0,0,Average Performer,8
300,12.3,61.9,6,40.0,60.1,5.4,0,6.0,0,At Risk,0
301,26.8,100.0,19,87.1,93.7,3.5,4,6.5,1,High Performer,5
302,18.7,85.9,11,71.8,75.0,2.5,5,6.1,1,Active Balanced,6
303,17.4,77.4,14,71.8,82.8,4.3,7,7.5,1,Active Balanced,6
304,4.6,68.0,6,60.0,48.0,6.2,1,6.1,0,At Risk,7
305,25.6,95.6,19,79.2,95.0,1.1,3,6.9,1,High Performer,5
306,19.6,76.8,13,67.4,77.2,3.9,4,6.8,0,Average Performer,2
307,23.5,83.9,14,94.9,90.4,2.6,3,8.1,1,High Performer,5
308,18.4,83.4,13,75.6,91.6,3.3,5,6.3,1,Active Balanced,6
309,22.1,90.1,16,93.4,90.3,3.4,4,7.4,1,Average Performer,5
310,15.6,84.7,10,88.0,66.6,5.6,4,6.2,1,Average Performer,1
311,0.0,63.1,11,56.0,46.1,5.4,2,6.1,0,At Risk,7
312,25.3,100.0,16,93.3,93.9,0.4,4,6.8,1,High Performer,5
313,14.9,84.5,15,85.2,75.1,1.2,4,7.7,1,Active Balanced,3
314,22.7,94.6,11,89.3,89.0,2.6,3,7.3,1,High Performer,5
315,31.5,94.1,16,100.0,91.1,0.4,4,6.4,1,High Performer,5
316,22.9,87.3,9,88.0,73.0,1.9,5,6.8,1,Active Balanced,6
317,17.2,73.6,10,70.9,79.8,3.1,3,6.9,1,Average Performer,2
318,17.5,80.0,18,61.6,75.6,4.3,3,6.1,1,Average Performer,3
319,21.5,80.1,9,70.7,79.2,2.8,3,6.5,1,Average Performer,2
320,16.3,88.3,9,70.2,70.3,3.7,3,7.1,0,Average Performer,2
321,25.4,95.6,20,100.0,91.8,4.4,6,7.1,1,High Performer,4
322,16.1,92.6,11,79.3,90.7,0.5,5,7.1,1,Active Balanced,6
323,0.8,61.5,5,66.9,50.8,7.2,1,6.5,0,At Risk,7
324,14.2,68.2,9,55.2,60.7,9.0,0,5.2,0,At Risk,7
325,14.7,71.9,14,72.9,69.1,4.9,5,7.1,1,Average Performer,1
326,14.6,78.1,8,54.2,78.9,3.0,4,7.4,1,Average Performer,2
327,14.5,89.6,12,60.2,59.5,2.6,6,6.2,1,Average Performer,2
328,13.1,81.8,9,74.7,69.0,3.9,4,7.3,1,Average Performer,2
329,24.8,95.8,20,96.3,81.9,1.7,5,7.2,1,High Performer,4
330,19.8,96.7,19,79.4,87.0,0.4,8,7.1,1,Active Balanced,4
331,18.8,99.7,16,89.9,70.4,3.2,7,7.8,1,Active Balanced,6
332,16.2,86.6,15,80.4,91.3,4.6,5,7.5,1,Active Balanced,1
333,25.4,91.2,17,81.1,95.4,3.3,3,7.2,1,High Performer,5
334,3.2,56.8,7,46.6,56.7,6.6,0,6.7,0,At Risk,7
335,21.6,95.1,12,71.5,79.7,9.1,3,7.0,1,Average Performer,1
336,27.9,87.9,20,89.5,78.9,1.5,4,8.7,1,High Performer,4
337,26.1,88.2,15,94.9,85.4,2.2,3,6.4,1,High Performer,5
338,14.0,57.2,3,40.1,66.4,4.5,1,5.5,1,At Risk,0
339,21.1,92.4,14,87.7,87.7,5.7,5,7.4,1,Active Balanced,1
340,20.1,87.7,14,69.8,68.6,4.4,3,7.4,1,Active Balanced,2
341,27.6,91.8,18,93.8,96.7,1.9,3,7.6,1,High Performer,5
342,8.3,58.3,9,51.5,59.8,9.2,0,6.2,0,At Risk,7
343,11.0,95.1,14,71.2,75.2,2.3,3,7.1,1,Average Performer,3
344,23.2,85.1,11,63.3,91.9,3.5,6,6.9,0,Active Balanced,6
345,24.7,91.3,8,74.1,65.8,4.9,3,5.7,1,Average Performer,2
346,8.2,73.9,12,79.6,70.4,6.4,4,8.4,1,Average Performer,1
347,23.4,80.6,10,81.3,74.9,3.2,2,6.3,1,Average Performer,2
348,26.2,95.8,19,86.6,77.1,7.2,5,6.3,1,Active Balanced,1
349,21.3,86.0,12,78.3,86.5,2.9,5,8.3,1,Active Balanced,6
350,22.1,79.4,15,86.0,88.9,1.0,8,7.2,1,Active Balanced,6
351,14.6,92.7,15,78.0,75.2,1.5,4,8.1,1,Active Balanced,3
352,14.2,63.5,7,56.5,66.7,4.7,0,4.6,0,At Risk,0
353,26.4,95.8,14,85.2,93.9,0.0,5,8.1,1,Active Balanced,4
354,14.5,69.0,12,72.6,67.8,4.0,4,7.9,1,Average Performer,2
355,7.6,85.3,12,69.3,60.3,6.1,4,5.9,1,Average Performer,1
356,10.6,82.6,12,72.1,65.9,1.8,4,8.0,1,Average Performer,2
357,14.9,78.0,13,69.6,70.0,1.9,2,8.3,1,Average Performer,8
358,19.4,79.3,20,81.6,74.4,5.2,4,6.4,0,Average Performer,1
359,10.5,57.6,4,67.0,52.7,6.6,2,7.0,0,At Risk,0
360,5.6,92.1,11,82.1,73.5,3.5,2,7.4,1,Average Performer,8
361,9.6,79.7,13,66.4,91.8,1.6,6,6.6,1,Active Balanced,6
362,20.2,94.4,18,82.1,96.7,3.8,6,7.2,1,Active Balanced,4
363,8.8,73.4,4,61.8,49.1,5.2,0,5.6,0,At Risk,0
364,3.0,64.2,5,48.9,63.6,7.6,0,6.1,0,At Risk,7
365,9.9,78.5,8,48.3,59.7,9.5,1,5.1,0,At Risk,7
366,11.7,85.0,4,71.6,80.8,3.5,2,7.2,1,Average Performer,2
367,23.9,89.4,14,82.7,84.5,2.8,2,7.6,1,Active Balanced,3
368,30.9,96.5,14,91.7,84.4,2.6,2,8.6,1,High Performer,5
369,21.8,79.7,12,68.4,68.2,3.5,1,8.1,1,Average Performer,2
370,3.2,67.3,11,40.0,52.9,9.3,0,7.0,0,At Risk,7
371,20.4,98.0,16,75.1,100.0,3.9,3,8.2,1,Active Balanced,3
372,9.5,73.3,7,56.2,48.5,4.9,1,5.5,0,At Risk,0
373,0.0,63.5,10,72.4,57.1,6.9,3,6.3,0,At Risk,0
374,10.1,90.4,12,85.8,69.5,2.9,3,7.3,1,Active Balanced,8
375,23.9,83.7,13,73.7,78.7,5.2,6,7.4,1,Average Performer,1
376,17.3,82.9,12,89.9,85.3,0.5,5,6.2,1,Active Balanced,6
377,27.4,92.4,19,86.3,91.6,0.5,6,8.2,1,High Performer,4
378,29.9,86.5,19,93.2,96.0,2.7,2,7.9,1,High Performer,5
379,7.7,64.7,7,51.9,68.1,7.6,0,6.4,0,At Risk,7
380,8.8,68.6,12,57.6,54.4,8.0,3,5.8,0,At Risk,7
381,34.9,81.9,20,87.7,83.7,1.5,5,7.6,1,High Performer,4
382,1.3,58.5,9,55.6,64.5,8.1,1,5.1,0,At Risk,7
383,6.0,61.2,1,49.1,62.7,6.7,0,7.1,0,At Risk,0
384,0.0,67.0,5,53.2,41.7,5.3,1,5.5,0,At Risk,0
385,14.7,79.7,11,87.7,80.1,3.2,3,5.7,1,Average Performer,8
386,17.6,98.5,14,88.7,84.5,3.4,4,8.3,1,High Performer,3
387,13.6,85.7,13,60.1,73.7,5.9,1,6.7,0,Average Performer,8
388,15.9,82.2,10,78.6,84.7,0.7,2,7.6,1,Average Performer,8
389,15.2,68.0,6,61.2,59.2,9.7,0,5.6,0,At Risk,7
390,35.2,100.0,19,100.0,100.0,1.0,3,7.4,1,High Performer,5
391,12.5,86.8,7,64.0,81.4,4.6,4,6.7,0,Average Performer,2
392,12.1,57.0,6,47.5,52.2,7.7,2,6.8,0,At Risk,0
393,17.7,85.3,8,64.2,71.6,2.4,3,7.1,1,Average Performer,2
394,10.9,77.7,10,73.2,80.2,3.2,3,5.1,1,Average Performer,8
395,19.6,83.9,15,91.2,67.6,2.6,5,6.9,1,Average Performer,6
396,24.5,97.0,20,79.0,91.6,2.4,6,8.2,1,High Performer,4
397,11.7,76.1,14,83.6,85.5,2.9,4,7.1,1,Average Performer,8
398,20.7,92.4,10,85.6,99.5,0.0,3,5.9,1,Active Balanced,5
399,25.4,95.4,14,78.9,100.0,0.1,3,6.7,1,High Performer,5
400,21.1,89.6,19,79.9,76.4,0.5,4,7.3,0,Active Balanced,3
401,24.6,97.4,19,70.5,99.3,3.2,3,7.3,1,High Performer,3
402,28.3,91.9,17,99.7,90.5,1.4,3,7.2,1,High Performer,5
403,6.6,73.7,2,50.6,66.0,6.9,2,6.8,0,At Risk,0
404,18.9,87.9,17,71.0,94.4,2.7,2,6.5,1,Active Balanced,3
405,22.5,71.3,17,83.6,87.2,0.0,3,6.4,1,Active Balanced,3
406,29.6,99.4,13,77.3,91.9,3.2,5,6.7,1,High Performer,4
407,24.6,85.0,13,72.5,86.7,2.9,5,6.7,1,Active Balanced,6
408,7.0,69.2,11,42.6,57.2,5.0,0,5.1,0,At Risk,0
409,19.4,84.9,8,80.0,71.6,4.7,5,6.9,1,Average Performer,1
410,3.9,57.6,11,58.0,78.3,5.2,1,6.3,0,At Risk,0
411,22.5,92.0,17,91.4,83.8,1.9,1,7.2,1,High Performer,5
412,25.4,76.9,12,79.0,63.6,1.1,5,7.0,1,Active Balanced,6
413,27.8,100.0,19,82.5,85.7,0.0,3,7.9,0,High Performer,5
414,5.3,65.0,7,48.2,44.8,10.7,3,5.1,0,At Risk,7
415,10.4,75.6,8,52.8,57.5,5.7,1,6.4,0,At Risk,0
416,16.4,66.9,7,65.5,52.2,5.7,0,5.9,0,At Risk,0
417,30.8,89.5,15,100.0,97.7,0.4,4,8.0,1,High Performer,5
418,14.0,89.6,18,91.5,88.8,0.8,5,6.4,1,Active Balanced,4
419,13.6,82.9,9,72.2,88.0,4.1,2,7.1,1,Average Performer,8
420,23.6,77.1,11,62.2,78.0,2.6,4,7.1,1,Average Performer,2
421,3.7,70.3,2,58.2,70.1,6.6,2,4.6,0,At Risk,0
422,14.0,92.2,19,77.3,75.0,4.9,5,8.3,1,Active Balanced,1
423,7.9,59.2,2,51.1,48.2,8.6,4,6.3,0,At Risk,0
424,21.0,87.8,12,71.5,91.9,3.6,4,6.6,1,Active Balanced,3
425,9.6,77.3,4,67.7,74.5,5.6,0,6.7,1,Average Performer,0
426,7.7,50.0,8,62.7,49.6,8.7,0,5.2,0,At Risk,7
427,32.0,98.1,16,98.7,87.3,0.0,2,8.5,1,High Performer,5
428,8.4,84.2,15,90.8,85.9,0.8,2,7.1,1,Active Balanced,8
429,14.2,83.9,15,69.5,89.0,5.0,0,6.4,1,Average Performer,8
430,32.2,86.8,13,85.8,95.6,1.5,6,8.5,1,High Performer,4
431,32.6,96.4,20,79.9,74.2,2.7,6,7.1,1,High Performer,4
432,25.1,75.5,10,72.9,59.6,1.6,4,5.1,1,Average Performer,2
433,11.2,84.9,11,80.7,83.6,4.5,8,7.2,1,Active Balanced,6
434,16.3,77.6,13,64.6,84.7,2.1,7,7.5,1,Active Balanced,6
435,24.9,93.7,20,82.2,90.0,4.9,2,6.3,1,High Performer,5
436,18.0,69.5,11,63.7,68.0,3.6,5,6.2,1,Average Performer,2
437,17.9,78.5,11,84.0,71.3,3.0,2,6.4,1,Average Performer,8
438,28.2,96.3,19,86.5,100.0,1.8,3,8.0,1,High Performer,5
439,0.0,70.9,3,55.1,57.3,6.6,3,6.4,0,At Risk,0
440,23.1,95.1,15,83.5,98.4,4.4,2,8.2,1,Active Balanced,5
441,5.8,94.6,12,98.8,80.1,6.8,5,7.5,1,Average Performer,1
442,11.8,68.8,5,53.2,44.9,6.1,1,5.1,0,At Risk,0
443,14.6,55.9,6,58.8,53.2,5.8,2,6.4,0,At Risk,0
444,34.0,100.0,17,83.6,78.6,3.7,6,7.5,1,High Performer,4
445,22.4,55.0,5,53.0,50.4,4.8,1,5.4,0,At Risk,0
446,21.1,67.6,3,59.3,69.5,6.4,2,6.5,0,At Risk,0
447,14.2,84.8,10,78.6,77.2,2.6,2,7.5,0,Active Balanced,8
448,10.2,85.7,13,71.2,82.0,4.0,3,6.3,1,Average Performer,8
449,21.2,75.5,9,81.4,74.8,4.6,6,6.5,1,Average Performer,1
450,23.0,77.3,10,70.5,73.0,3.3,3,7.0,1,Average Performer,2
451,29.7,100.0,20,94.1,96.0,0.0,2,7.3,1,High Performer,5
452,32.8,100.0,19,77.7,74.8,3.0,3,7.0,1,High Performer,5
453,23.9,76.8,18,82.0,71.2,2.5,5,6.9,1,Active Balanced,6
454,33.9,93.7,14,91.6,99.1,2.0,6,8.1,1,High Performer,4
455,19.8,76.1,10,72.5,81.5,1.2,7,8.1,1,Active Balanced,6
456,14.2,72.7,11,88.8,69.0,0.0,1,7.3,1,Average Performer,8
457,22.0,82.5,14,88.0,76.8,4.6,5,6.4,0,Active Balanced,1
458,31.7,92.0,10,80.0,84.5,3.5,4,7.3,1,High Performer,4
459,16.2,66.8,5,49.0,48.4,6.2,2,5.6,0,At Risk,0
460,17.1,80.6,18,73.0,82.2,3.3,5,6.3,1,Average Performer,3
461,26.5,82.7,20,100.0,86.1,0.0,6,6.9,1,High Performer,4
462,27.7,90.1,14,79.0,76.7,3.8,4,8.3,0,Active Balanced,3
463,15.9,68.4,16,68.1,74.2,3.6,2,6.7,1,Average Performer,8
464,14.2,88.0,16,94.3,75.6,4.0,1,7.5,1,Average Performer,8
465,22.7,93.1,9,80.0,78.0,2.6,4,7.7,1,Active Balanced,2
466,12.0,80.5,13,75.0,79.7,0.8,3,7.2,1,Active Balanced,8
467,14.9,100.0,18,84.4,77.4,3.8,4,8.2,1,Active Balanced,3
468,7.6,50.0,0,50.8,59.6,10.2,2,6.0,0,At Risk,7
469,29.3,96.5,20,82.2,100.0,0.0,6,7.6,1,High Performer,4
470,31.5,89.3,20,90.4,99.8,2.0,2,5.7,0,High Performer,5
471,20.2,100.0,16,87.0,95.0,2.4,4,6.9,0,High Performer,4
472,30.6,90.7,20,95.0,80.6,2.2,4,8.3,1,High Performer,5
473,21.9,80.9,10,56.2,65.3,4.2,4,7.1,1,Average Performer,2
474,26.7,100.0,20,84.9,98.7,2.0,4,7.2,1,High Performer,5
475,8.2,84.3,1,54.9,46.4,4.4,3,4.9,0,At Risk,0
476,8.2,66.0,9,51.6,60.7,6.7,0,5.1,0,At Risk,7
477,10.3,86.5,10,76.1,69.1,2.8,4,7.7,1,Average Performer,2
478,12.3,85.9,10,70.3,66.6,7.9,7,7.2,1,Average Performer,1
479,13.4,90.1,13,71.7,69.2,7.4,3,5.5,1,Average Performer,1
480,16.5,84.2,19,83.0,73.7,2.9,4,7.4,1,Active Balanced,3
481,28.5,85.4,18,98.3,90.7,3.3,3,6.8,1,High Performer,5
482,14.7,86.4,11,83.6,76.5,3.8,6,8.5,1,Active Balanced,6
483,38.9,87.3,19,99.8,91.6,3.2,6,9.3,1,High Performer,4
484,9.6,74.8,1,42.6,64.1,4.4,0,5.7,0,At Risk,0
485,22.6,94.0,18,85.9,99.7,1.9,2,8.3,1,High Performer,5
486,25.9,97.8,20,98.3,80.8,1.8,5,7.0,1,High Performer,4
487,9.0,84.3,15,78.1,80.5,6.2,4,6.2,1,Average Performer,1
488,30.8,99.0,20,86.8,84.8,0.7,4,6.9,0,High Performer,5
489,15.5,78.5,14,78.7,69.7,5.7,1,7.7,0,Average Performer,8
490,19.1,86.0,14,81.4,90.4,5.5,3,7.4,1,Active Balanced,3
491,24.2,97.9,18,79.4,87.2,1.4,5,7.9,1,High Performer,4
492,17.3,79.8,14,81.9,73.8,1.7,5,6.7,1,Active Balanced,6
493,25.9,92.5,14,88.1,76.5,1.4,5,7.0,1,Active Balanced,4
494,33.8,96.1,19,78.4,84.9,1.6,5,9.5,1,High Performer,4
495,12.8,73.5,11,63.0,77.2,2.9,1,7.1,1,Average Performer,8
496,6.1,58.4,12,60.8,45.8,7.4,1,5.4,0,At Risk,7
497,4.5,71.4,7,60.3,67.7,7.8,3,5.7,0,At Risk,0
498,11.2,52.8,9,54.4,68.4,4.1,0,5.1,0,At Risk,0
499,16.9,88.2,10,70.0,84.4,3.0,7,7.4,1,Active Balanced,6
500,26.6,82.6,15,67.4,79.8,4.2,5,6.9,1,Active Balanced,1
501,5.0,73.4,6,51.1,54.0,8.6,0,4.9,0,At Risk,7
502,4.1,72.1,4,52.9,58.3,7.7,2,4.2,0,At Risk,0
503,0.0,68.0,7,53.8,47.8,6.7,0,4.9,0,At Risk,7
504,7.8,69.5,0,42.2,74.8,6.9,1,6.9,0,At Risk,0
505,11.5,79.0,7,64.0,76.1,1.2,3,7.0,1,Average Performer,2
506,19.0,72.9,16,69.8,85.2,4.8,4,7.3,1,Average Performer,1
507,26.9,95.5,14,89.0,96.7,5.8,4,6.5,1,High Performer,5
508,25.3,100.0,12,86.1,86.2,1.7,2,7.3,1,High Performer,5
509,27.4,96.9,20,74.8,81.6,5.3,6,8.3,1,High Performer,4
510,5.9,61.9,4,57.0,64.3,4.0,0,5.5,0,At Risk,0
511,15.9,83.2,9,66.3,78.0,5.6,3,7.2,1,Average Performer,2
512,12.1,84.9,14,80.8,69.7,4.4,3,7.0,1,Average Performer,8
513,25.0,90.4,16,87.7,71.3,1.1,4,6.1,1,Active Balanced,4
514,36.5,100.0,17,83.8,90.9,3.6,1,6.6,1,High Performer,5
515,8.1,91.1,18,91.4,83.6,4.7,6,8.8,1,Active Balanced,1
516,15.7,63.3,6,47.6,59.1,5.9,1,5.9,0,At Risk,0
517,10.9,81.6,12,69.3,73.1,3.8,2,7.6,1,Average Performer,8
518,14.0,64.0,10,67.6,80.9,4.9,1,7.0,1,Average Performer,8
519,3.5,63.6,5,52.3,67.5,6.0,0,5.9,0,At Risk,0
520,21.5,95.8,20,81.5,85.6,4.2,3,6.5,1,Active Balanced,3
521,35.8,100.0,20,76.8,89.9,2.0,5,7.9,1,High Performer,4
522,19.0,91.5,18,73.8,93.5,4.3,4,8.0,1,Active Balanced,3
523,13.6,64.4,3,48.8,67.0,4.1,4,6.5,0,At Risk,0
524,7.0,69.4,8,63.3,59.7,4.9,0,5.6,0,At Risk,0
525,12.9,85.1,12,78.8,70.4,5.7,5,6.8,1,Active Balanced,1
526,15.9,92.1,12,83.3,89.1,1.3,0,7.1,1,Average Performer,8
527,26.8,76.6,12,60.6,77.7,1.6,3,7.9,1,Active Balanced,2
528,22.4,80.7,12,81.4,79.2,1.1,5,6.5,1,Active Balanced,6
529,20.9,90.5,20,94.0,88.4,1.1,3,5.2,1,High Performer,5
530,19.1,79.5,14,73.4,80.2,1.2,3,6.6,1,Active Balanced,3
531,0.0,55.1,6,54.7,41.3,8.1,0,5.5,0,At Risk,7
532,18.0,64.5,7,66.8,51.8,6.7,0,6.6,0,At Risk,7
533,9.4,77.5,11,85.6,85.1,4.4,3,7.0,1,Average Performer,8
534,3.3,64.1,8,54.4,47.1,9.5,0,5.4,0,At Risk,7
535,15.5,92.8,7,74.4,80.7,2.7,4,7.0,1,Average Performer,2
536,18.8,88.1,11,69.3,91.9,2.8,4,5.8,1,Active Balanced,3
537,22.7,85.8,19,91.2,84.6,2.9,4,6.2,1,High Performer,4
538,19.0,84.1,14,78.8,83.1,4.8,4,6.3,0,Active Balanced,1
539,33.0,99.9,14,100.0,81.1,0.3,4,8.1,1,High Performer,5
540,16.4,77.8,15,78.6,95.9,3.3,3,6.1,0,Active Balanced,3
541,0.0,61.9,6,53.9,61.1,7.5,0,6.0,0,At Risk,7
542,31.2,93.2,17,73.9,80.5,2.5,6,9.0,1,High Performer,4
543,29.6,92.1,14,73.7,70.9,0.1,6,6.7,1,High Performer,6
544,33.6,84.8,13,86.6,98.3,4.5,3,7.3,1,High Performer,5
545,27.7,97.5,10,100.0,89.2,5.3,4,7.8,1,High Performer,5
546,19.6,91.5,17,86.5,94.8,3.5,7,8.3,1,Active Balanced,4
547,29.9,95.6,17,74.3,99.3,2.2,4,7.5,1,High Performer,5
548,17.2,77.3,6,64.4,71.6,5.9,2,5.4,1,Average Performer,2
549,27.6,94.9,20,83.8,79.7,2.3,5,7.2,1,High Performer,4
550,23.4,85.9,20,79.8,100.0,2.1,3,7.8,1,High Performer,5
551,17.8,83.0,13,80.4,80.5,1.1,6,6.6,1,Active Balanced,6
552,29.3,93.2,14,85.1,90.2,0.5,4,6.0,1,High Performer,5
553,20.9,87.7,13,84.1,82.5,1.2,6,8.3,0,Active Balanced,6
554,14.3,81.7,10,84.7,81.7,3.6,3,7.7,1,Average Performer,8
555,15.2,78.5,12,75.3,71.0,7.0,2,6.9,0,Average Performer,8
556,23.0,100.0,20,85.8,88.1,2.5,5,8.2,1,High Performer,4
557,13.9,100.0,13,76.0,91.3,0.3,5,6.1,1,Active Balanced,6
558,18.2,82.2,10,69.7,79.5,4.1,5,7.7,1,Average Performer,1
559,20.2,86.8,14,78.1,85.5,3.7,3,5.8,0,Active Balanced,3
560,24.6,86.3,12,71.8,76.5,0.0,7,7.0,1,Active Balanced,6
561,14.6,72.6,17,80.9,73.4,5.8,2,6.6,1,Average Performer,8
562,5.8,78.4,0,46.1,57.6,6.1,0,6.2,0,At Risk,0
563,10.8,65.1,10,73.8,74.9,3.5,2,6.3,1,Average Performer,8
564,21.8,99.1,15,82.4,81.7,3.5,3,8.5,1,Active Balanced,3
565,16.3,84.6,15,89.4,77.6,5.8,5,7.5,1,Active Balanced,1
566,9.9,90.1,13,75.7,82.6,1.8,5,6.8,1,Active Balanced,6
567,12.2,73.4,0,40.0,59.2,7.9,1,5.5,0,At Risk,0
568,27.4,77.7,16,79.3,90.6,4.8,7,8.9,1,Active Balanced,6
569,24.4,89.1,2,74.8,63.2,2.1,3,8.1,1,Average Performer,2
570,3.3,60.5,7,72.4,49.5,10.3,0,5.6,0,At Risk,7
571,19.4,79.8,11,81.6,88.5,0.4,6,7.7,1,Active Balanced,6
572,24.2,91.6,14,74.7,95.1,4.7,6,6.8,1,Active Balanced,6
573,33.5,93.8,20,97.5,96.4,5.3,2,6.6,1,High Performer,5
574,20.1,92.9,12,86.3,85.7,2.5,8,5.8,1,Active Balanced,6
575,24.7,90.7,20,84.0,96.4,1.1,5,7.8,1,High Performer,4
576,7.3,69.1,9,66.5,63.1,8.4,5,5.8,0,At Risk,0
577,19.3,76.3,17,69.0,84.3,0.0,4,8.7,1,Active Balanced,3
578,27.9,100.0,19,78.3,90.8,4.0,6,7.1,1,High Performer,4
579,2.4,67.0,4,44.1,74.4,6.5,2,7.3,0,At Risk,0
580,18.6,77.8,19,78.0,80.1,3.3,1,7.5,1,Average Performer,3
581,24.5,100.0,16,86.9,85.1,3.6,3,7.0,1,High Performer,5
582,19.9,86.3,9,67.6,85.0,2.2,1,5.6,1,Average Performer,2
583,13.8,90.4,16,73.9,85.4,1.7,4,7.7,1,Active Balanced,3
584,4.7,60.9,6,66.2,52.2,5.9,5,6.5,0,At Risk,0
585,17.3,85.0,16,72.6,68.8,4.6,4,8.0,1,Average Performer,1
586,4.1,75.9,15,76.5,81.8,5.6,2,6.4,1,Average Performer,8
587,22.6,86.2,18,76.1,72.5,2.9,4,8.8,1,Active Balanced,3
588,14.4,85.5,7,79.4,72.6,5.6,4,8.0,1,Average Performer,1
589,26.2,100.0,20,80.7,92.2,2.3,3,6.7,1,High Performer,5
590,18.5,66.0,7,62.0,48.2,11.7,0,5.1,0,At Risk,7
591,32.0,91.4,20,100.0,84.7,3.3,4,8.2,1,High Performer,5
592,26.6,98.1,20,87.6,81.7,1.0,4,7.3,0,High Performer,5
593,24.3,95.2,16,80.8,68.1,3.6,6,7.2,1,Active Balanced,6
594,25.9,100.0,18,87.3,94.9,0.0,4,8.0,1,High Performer,5
595,18.6,95.9,15,71.9,76.0,1.9,5,6.6,1,Active Balanced,6
596,4.2,77.8,4,43.5,60.0,8.5,0,4.6,0,At Risk,7
597,24.4,84.1,4,73.9,69.8,3.0,1,6.9,1,Average Performer,2
598,35.6,87.0,20,94.2,90.7,1.1,4,6.3,1,High Performer,5
599,9.1,69.8,0,63.5,53.9,8.2,0,5.5,0,At Risk,7
600,15.3,82.9,8,76.5,82.1,2.6,6,7.0,1,Average Performer,6
601,12.4,70.2,6,53.8,50.3,6.8,0,5.9,0,At Risk,7
602,14.8,68.8,12,75.9,66.2,2.4,0,7.5,1,Average Performer,8
603,18.3,100.0,19,90.8,97.4,2.2,4,7.1,0,High Performer,5
604,12.3,67.8,8,54.9,54.0,8.9,3,5.5,0,At Risk,7
605,17.4,84.1,10,60.0,88.2,5.5,3,6.6,1,Average Performer,2
606,33.6,80.0,19,94.5,91.8,2.8,4,8.3,1,High Performer,5
607,17.9,88.0,17,81.4,94.2,2.4,2,7.2,0,Average Performer,3
608,16.0,79.4,12,78.8,63.7,1.2,3,7.3,1,Average Performer,2
609,30.2,94.5,19,97.2,88.0,0.3,3,7.0,1,High Performer,5
610,6.2,72.3,6,46.8,57.3,7.1,0,4.9,0,At Risk,7
611,20.6,77.1,13,77.2,82.1,3.8,5,8.3,1,Active Balanced,1
612,32.6,89.1,17,86.4,83.2,5.4,3,7.8,0,Active Balanced,5
613,14.8,88.1,5,55.2,47.1,8.0,2,6.0,0,At Risk,7
614,31.9,94.2,12,91.7,96.6,2.4,5,8.0,1,High Performer,4
615,20.2,72.4,11,85.4,70.4,3.3,4,5.7,1,Average Performer,2
616,23.3,96.4,14,83.3,91.0,4.5,6,7.4,1,Active Balanced,4
617,29.3,96.4,20,93.0,97.7,1.7,4,7.1,1,High Performer,5
618,26.4,90.5,15,79.0,90.4,1.4,6,6.5,1,High Performer,4
619,29.2,94.5,12,95.5,84.8,3.0,3,8.1,1,High Performer,5
620,8.3,68.1,5,48.7,60.9,4.7,3,5.0,0,At Risk,0
621,10.3,90.1,11,77.7,62.7,3.2,4,6.7,1,Active Balanced,2
622,27.4,91.9,17,78.3,100.0,0.0,3,6.9,1,High Performer,5
623,17.4,93.4,11,87.5,84.2,5.6,2,6.2,1,Active Balanced,8
624,8.7,69.2,9,66.4,60.7,5.1,2,5.7,0,At Risk,0
625,7.6,77.3,12,83.5,70.9,1.6,7,7.9,1,Active Balanced,6
626,12.1,68.0,8,60.3,57.0,3.8,0,7.2,0,At Risk,0
627,15.6,84.1,15,72.8,78.0,6.9,5,7.6,1,Average Performer,1
628,30.5,87.1,17,81.4,93.3,5.0,5,6.8,1,High Performer,4
629,8.6,71.8,4,48.8,58.4,5.9,3,5.9,0,At Risk,0
630,11.0,75.1,7,78.8,73.6,1.9,1,7.8,0,Average Performer,8
631,23.3,94.1,19,91.7,87.3,0.6,3,7.8,1,High Performer,5
632,14.4,85.1,10,71.9,80.6,3.5,2,6.8,1,Average Performer,8
633,28.3,100.0,14,90.3,79.4,3.0,5,7.6,1,High Performer,4
634,9.9,62.6,4,67.4,41.5,6.6,1,6.0,0,At Risk,7
635,14.2,53.9,4,59.2,56.1,6.3,3,5.4,0,At Risk,0
636,29.9,82.0,17,100.0,84.2,2.0,7,7.5,1,High Performer,4
637,3.8,73.1,2,63.5,58.7,8.9,2,6.2,0,At Risk,7
638,6.0,66.5,5,42.9,55.4,8.7,2,5.2,0,At Risk,7
639,15.5,53.7,3,64.6,58.7,6.7,3,5.6,0,At Risk,0
640,21.8,90.5,13,88.7,100.0,0.3,8,6.5,1,High Performer,6
641,24.4,93.9,18,88.4,100.0,1.0,5,7.2,1,High Performer,4
642,3.7,68.6,12,64.8,52.3,9.2,0,5.6,0,At Risk,7
643,33.3,80.1,15,89.5,96.9,0.0,6,6.5,1,High Performer,4
644,21.1,89.3,20,93.1,77.9,1.6,4,8.6,1,High Performer,4
645,20.7,84.3,11,84.6,82.7,3.7,6,8.0,1,Active Balanced,6
646,14.2,88.1,8,74.9,69.2,1.1,3,6.7,1,Average Performer,2
647,8.0,60.6,4,57.6,71.7,4.0,2,5.4,1,At Risk,0
648,12.4,97.8,8,77.0,87.8,4.9,4,6.2,1,Average Performer,1
649,30.9,93.9,18,87.4,76.4,1.5,7,6.8,1,High Performer,4
650,16.1,87.1,18,74.3,69.5,3.0,3,7.5,1,Average Performer,3
651,6.5,60.5,8,67.9,79.5,7.9,1,6.7,0,At Risk,0
652,26.6,94.8,16,93.0,68.3,2.0,6,6.6,1,Active Balanced,4
653,12.7,69.0,13,61.0,50.6,7.3,0,5.1,0,At Risk,7
654,20.6,100.0,18,71.8,100.0,1.5,3,7.7,1,High Performer,3
655,15.6,90.3,18,66.0,80.7,5.2,2,6.7,1,Average Performer,3
656,17.0,63.2,12,71.5,83.4,0.5,4,6.7,1,Average Performer,2
657,1.7,64.2,8,66.3,40.0,7.2,0,5.2,0,At Risk,7
658,11.9,85.0,14,79.1,77.4,3.5,1,8.6,1,Average Performer,8
659,14.0,100.0,15,84.7,99.7,3.9,5,8.1,1,High Performer,4
660,19.9,82.0,6,62.1,71.4,5.5,8,8.2,1,Average Performer,6
661,14.3,83.4,13,61.1,77.4,3.7,2,5.7,1,Average Performer,8
662,32.1,97.1,17,100.0,97.4,0.9,3,8.5,1,High Performer,5
663,27.3,96.8,16,81.9,100.0,0.0,6,6.7,1,High Performer,4
664,14.2,64.0,7,72.8,66.5,5.7,2,6.7,1,At Risk,0
665,28.3,95.3,17,89.9,81.1,5.9,5,6.9,1,Active Balanced,4
666,7.3,72.8,4,52.7,60.8,6.2,2,5.1,0,At Risk,0
667,2.2,62.2,6,40.4,51.6,5.7,1,5.9,0,At Risk,0
668,20.7,75.4,8,81.9,71.9,3.5,2,6.5,1,Average Performer,2
669,15.5,100.0,13,71.8,84.1,4.9,3,6.8,1,Active Balanced,3
670,17.0,81.3,16,75.3,69.6,1.5,7,7.2,1,Active Balanced,6
671,21.4,92.0,13,80.1,88.8,1.9,4,6.7,1,Active Balanced,3
672,0.9,56.5,12,57.0,52.9,11.5,3,5.7,1,At Risk,7
673,19.5,87.8,15,81.3,71.9,3.4,8,5.7,1,Active Balanced,6
674,3.6,58.4,0,48.4,45.1,7.8,1,6.3,1,At Risk,7
675,18.2,78.3,9,63.7,65.7,5.0,3,6.3,1,Average Performer,2
676,25.3,84.9,15,88.7,76.5,1.0,6,8.1,1,Active Balanced,6
677,18.0,90.7,12,70.8,87.3,4.1,2,4.6,1,Average Performer,3
678,0.3,71.9,7,42.2,56.9,10.6,0,6.2,0,At Risk,7
679,22.8,93.7,18,90.7,96.5,0.8,2,7.7,1,High Performer,5
680,18.3,93.7,14,80.6,90.9,3.1,6,7.8,1,Active Balanced,6
681,22.8,92.3,12,58.3,90.0,0.7,5,5.8,1,Active Balanced,6
682,6.8,79.6,17,70.9,72.4,4.8,5,7.5,1,Average Performer,1
683,18.9,92.5,15,78.4,89.5,1.8,7,8.5,1,Active Balanced,6
684,27.2,93.2,19,89.5,100.0,0.0,4,7.8,0,High Performer,5
685,14.8,56.7,9,47.2,60.0,7.4,4,5.3,1,At Risk,0
686,26.0,96.9,14,90.3,87.1,0.0,3,7.7,1,High Performer,5
687,18.5,79.8,11,81.3,63.0,3.9,5,7.5,1,Average Performer,1
688,18.3,75.3,13,73.7,70.0,4.6,2,6.5,1,Average Performer,8
689,5.9,57.9,4,50.6,58.2,4.8,1,5.4,0,At Risk,0
690,24.8,96.1,13,70.1,66.5,0.1,6,7.0,1,Active Balanced,6
691,31.7,98.1,20,87.5,100.0,3.1,3,6.5,1,High Performer,5
692,6.0,52.3,9,50.0,42.5,6.7,0,5.0,1,At Risk,7
693,14.3,74.8,13,82.6,78.8,1.5,2,5.2,1,Average Performer,8
694,11.0,84.2,11,65.3,74.1,3.3,0,5.8,1,Average Performer,8
695,21.3,86.9,7,71.2,77.0,4.4,4,5.8,1,Average Performer,2
696,28.6,91.4,14,85.2,86.8,1.8,4,8.3,1,Active Balanced,4
697,21.8,97.9,20,88.2,91.2,5.0,2,6.9,1,High Performer,5
698,13.2,78.6,14,75.7,63.6,2.7,1,6.2,1,Average Performer,8
699,3.7,64.5,7,46.3,63.1,8.5,0,6.0,0,At Risk,7
700,17.2,75.7,13,62.5,74.2,2.2,3,6.7,1,Average Performer,2
701,27.6,87.8,19,73.8,79.9,3.5,3,7.2,0,Active Balanced,3
702,31.4,92.4,15,92.6,91.0,0.0,3,8.6,1,High Performer,5
703,32.7,100.0,20,89.2,73.0,6.0,3,8.4,1,High Performer,5
704,17.3,100.0,16,82.3,80.4,3.9,3,7.7,1,Active Balanced,3
705,22.3,99.5,12,81.1,91.8,0.0,4,6.4,1,High Performer,4
706,14.1,88.8,10,85.7,94.4,5.1,6,6.6,1,Active Balanced,1
707,19.2,89.8,12,70.4,83.4,3.8,5,7.4,1,Active Balanced,1
708,0.7,61.7,5,50.1,56.1,5.3,0,6.8,0,At Risk,0
709,16.0,73.7,16,74.4,55.9,3.1,3,7.3,1,Average Performer,8
710,11.6,95.5,16,73.4,93.6,0.0,5,6.9,1,Active Balanced,6
711,30.8,90.3,18,91.9,93.9,2.6,5,8.0,1,High Performer,4
712,22.3,86.9,13,82.9,82.8,2.7,4,7.6,1,Active Balanced,3
713,6.4,81.7,7,53.5,58.7,9.4,1,6.8,0,At Risk,7
714,6.7,72.3,7,47.3,63.1,5.9,2,6.3,0,At Risk,0
715,28.1,100.0,19,81.3,87.2,2.4,3,7.1,1,High Performer,5
716,15.0,83.7,8,57.4,84.1,3.9,3,5.3,1,Average Performer,2
717,5.3,61.5,12,61.7,57.1,8.4,0,4.0,0,At Risk,7
718,4.1,76.0,7,48.8,55.4,6.3,1,6.5,0,At Risk,7
719,9.5,61.7,1,54.6,72.4,4.1,0,4.1,0,At Risk,0
720,3.1,60.8,9,53.8,57.2,6.1,0,6.7,0,At Risk,7
721,25.6,88.6,20,80.4,90.8,0.0,5,6.4,1,High Performer,4
722,20.6,84.9,12,83.8,70.2,2.3,6,7.3,0,Active Balanced,6
723,31.4,99.8,18,89.0,89.4,0.0,3,6.4,1,High Performer,5
724,15.6,66.8,4,75.8,55.4,9.0,1,5.5,0,At Risk,7
725,31.1,100.0,13,97.8,81.5,1.1,2,7.1,1,High Performer,5
726,13.0,85.4,13,78.7,78.5,2.8,3,5.4,1,Average Performer,8
727,16.6,80.8,16,70.7,66.9,2.2,3,6.8,1,Average Performer,2
728,31.3,98.8,16,92.6,83.2,3.6,5,6.5,1,High Performer,4
729,30.7,91.7,17,96.2,89.2,2.1,4,7.8,1,High Performer,5
730,15.5,89.3,12,78.4,78.7,4.8,4,6.5,1,Average Performer,1
731,19.0,88.6,16,60.1,87.2,1.9,1,7.5,1,Active Balanced,3
732,7.9,93.4,10,63.1,66.7,2.3,2,7.0,1,Average Performer,2
733,20.5,100.0,16,74.9,100.0,3.2,6,7.9,1,High Performer,4
734,29.0,89.5,17,85.4,92.4,2.0,3,6.5,1,High Performer,5
735,22.7,97.3,14,92.9,99.3,3.6,4,7.3,1,High Performer,5
736,27.3,100.0,20,100.0,95.8,2.8,6,7.1,1,High Performer,4
737,13.1,89.1,15,82.0,88.0,3.3,3,6.7,1,Active Balanced,3
738,12.2,85.6,14,68.8,82.4,6.4,3,6.7,1,Average Performer,1
739,25.1,97.2,20,100.0,91.6,0.4,3,6.4,1,High Performer,5
740,6.2,70.4,3,51.5,63.8,6.6,2,7.1,0,At Risk,0
741,20.1,88.6,14,83.7,79.8,2.1,5,5.2,1,Active Balanced,6
742,23.2,71.4,15,74.1,76.0,2.6,4,7.3,1,Average Performer,3
743,8.2,65.5,7,59.7,67.6,5.1,0,6.7,0,At Risk,0
744,7.9,66.2,6,51.6,51.0,7.2,0,6.4,0,At Risk,7
745,12.7,86.9,14,81.6,79.4,1.6,1,7.3,1,Average Performer,8
746,23.0,83.3,10,67.4,81.4,0.0,1,6.8,1,Average Performer,2
747,18.5,77.4,13,77.8,71.5,2.9,4,7.5,1,Average Performer,2
748,25.1,97.7,13,84.4,86.8,0.0,6,7.5,1,High Performer,4
749,23.4,98.0,11,76.5,92.7,2.4,3,6.6,1,Active Balanced,3
750,9.0,82.9,14,78.2,69.9,2.7,6,5.1,1,Average Performer,6
751,6.9,67.9,6,48.3,52.3,6.8,3,6.0,0,At Risk,0
752,24.7,77.4,17,74.8,91.2,3.6,6,6.7,1,Active Balanced,6
753,26.4,100.0,17,87.1,89.0,3.3,5,8.0,1,High Performer,4
754,5.7,65.0,11,56.8,42.6,7.9,3,6.8,1,At Risk,7
755,11.2,65.3,8,42.4,51.3,8.0,0,5.2,0,At Risk,7
756,17.0,85.3,10,72.1,70.6,4.2,5,5.9,1,Average Performer,1
757,18.9,90.5,16,71.0,91.8,2.3,2,7.8,1,Active Balanced,3
758,16.5,78.1,17,61.3,76.0,3.2,4,5.6,1,Average Performer,3
759,6.5,66.3,7,40.0,69.2,10.7,0,6.8,0,At Risk,7
760,15.9,92.7,14,70.4,90.3,3.3,6,6.4,1,Active Balanced,6
761,9.0,66.8,5,54.3,54.5,5.1,1,6.1,0,At Risk,0
762,15.1,79.8,16,65.6,78.2,5.6,3,7.5,1,Average Performer,1
763,31.6,100.0,18,80.1,94.5,1.3,5,7.0,1,High Performer,4
764,9.3,68.8,8,64.9,71.1,3.4,2,7.2,1,Average Performer,8
765,31.1,86.5,18,95.1,81.6,1.1,4,7.6,1,High Performer,5
766,23.9,80.3,19,80.1,76.3,4.6,2,6.8,1,Active Balanced,3
767,9.4,92.0,16,87.5,68.9,5.7,5,8.8,1,Active Balanced,1
768,14.0,63.7,5,52.5,40.9,8.6,0,5.8,0,At Risk,7
769,9.1,66.5,6,47.9,52.2,7.4,0,5.8,0,At Risk,7
770,23.4,79.5,17,83.0,77.7,3.9,5,7.8,1,Active Balanced,1
771,18.1,88.3,12,76.2,88.2,2.7,6,5.8,1,Active Balanced,6
772,28.8,96.6,19,87.7,85.1,1.9,4,7.4,1,High Performer,5
773,16.3,83.8,11,68.0,71.0,0.8,4,5.7,1,Average Performer,2
774,9.6,85.2,11,75.9,82.5,2.1,6,7.2,1,Active Balanced,6
775,20.4,86.0,15,72.5,80.2,6.5,4,8.4,1,Average Performer,1
776,7.0,81.7,11,58.3,74.8,2.9,5,5.5,0,Average Performer,2
777,22.4,86.7,15,85.3,87.7,4.6,4,7.9,1,Active Balanced,3
778,7.5,61.0,4,60.1,60.3,6.2,3,6.2,0,At Risk,0
779,16.0,85.1,10,83.1,62.1,6.6,3,6.4,1,Average Performer,1
780,14.6,75.3,5,56.4,58.6,8.7,0,4.5,0,At Risk,7
781,28.8,100.0,20,83.8,89.0,0.0,4,7.3,1,High Performer,5
782,19.0,74.9,15,74.0,88.8,5.9,3,7.1,1,Average Performer,1
783,1.8,55.7,0,52.1,54.1,5.8,4,6.0,0,At Risk,0
784,31.2,100.0,16,88.1,100.0,1.5,2,7.0,1,High Performer,5
785,18.7,86.1,7,79.0,100.0,4.8,6,7.0,1,Active Balanced,6
786,21.6,82.2,13,71.9,69.2,3.8,2,7.1,1,Average Performer,2
787,0.0,56.5,8,70.2,40.0,7.5,0,6.4,0,At Risk,7
788,21.0,88.8,8,78.4,82.5,0.4,7,7.3,0,Active Balanced,6
789,13.1,80.6,10,77.7,73.9,6.3,2,6.9,1,Average Performer,8
790,12.8,95.9,12,72.0,68.3,2.5,4,5.8,1,Average Performer,2
791,12.9,88.7,11,73.7,100.0,4.0,4,7.9,1,Active Balanced,3
792,12.0,66.6,1,47.7,68.2,5.9,0,6.5,0,At Risk,0
793,19.7,82.8,19,81.2,75.8,1.0,4,6.1,1,Active Balanced,3
794,21.5,81.7,16,87.7,71.4,7.1,3,5.7,0,Average Performer,1
795,16.3,69.8,20,86.5,87.4,2.2,3,7.7,1,Active Balanced,3
796,20.0,78.2,11,78.3,65.8,3.6,4,5.9,1,Active Balanced,2
797,15.6,86.8,12,60.6,80.9,4.0,2,6.8,1,Average Performer,2
798,14.9,81.6,10,81.7,90.8,2.7,4,8.0,1,Active Balanced,2
799,16.8,86.0,16,90.7,85.9,1.9,8,7.0,0,Active Balanced,6
800,32.0,97.9,17,85.9,97.5,1.7,5,6.7,1,High Performer,4
801,31.9,95.3,20,84.7,90.6,1.5,5,8.9,1,High Performer,4
802,11.3,72.2,5,50.6,65.2,4.4,3,7.3,0,At Risk,0
803,4.5,59.1,9,57.6,56.2,7.7,0,6.1,0,At Risk,7
804,5.7,85.5,12,53.7,72.2,4.0,2,5.6,1,Average Performer,8
805,12.7,87.0,18,78.2,90.6,2.4,3,6.0,1,Active Balanced,3
806,18.5,88.8,17,77.0,69.8,0.5,8,8.0,1,Active Balanced,6
807,27.6,89.2,19,92.2,79.7,1.7,5,6.8,1,High Performer,4
808,13.4,76.6,0,63.9,57.3,10.6,0,4.8,0,At Risk,7
809,18.0,93.4,11,70.1,64.4,5.1,5,8.4,1,Average Performer,1
810,11.1,80.0,8,84.4,72.4,1.9,0,6.2,1,Average Performer,8
811,15.0,53.3,6,44.2,53.2,5.6,1,4.5,0,At Risk,0
812,24.9,89.8,12,80.6,86.3,5.5,6,8.4,1,Active Balanced,1
813,25.7,93.4,17,95.2,89.4,0.5,3,7.2,1,High Performer,5
814,10.4,69.8,0,63.3,66.4,6.3,1,7.4,0,At Risk,0
815,14.4,78.2,8,47.0,47.6,7.7,2,6.7,0,At Risk,7
816,0.0,57.3,15,74.4,77.0,6.4,0,6.2,0,At Risk,8
817,28.5,92.6,17,88.4,94.8,0.0,5,8.5,1,Active Balanced,4
818,16.0,87.2,11,85.0,67.8,3.2,5,6.5,1,Active Balanced,1
819,28.4,87.3,11,84.2,81.5,5.7,6,8.7,1,Active Balanced,1
820,29.6,100.0,14,83.4,91.3,3.8,6,7.4,1,High Performer,4
821,17.1,77.6,10,66.8,78.3,3.3,4,5.3,0,Average Performer,2
822,26.0,84.8,11,78.0,75.2,8.8,4,6.2,1,Average Performer,1
823,12.4,76.9,14,74.3,63.8,4.2,5,6.5,1,Average Performer,1
824,33.4,97.4,12,84.2,84.8,1.0,3,7.7,1,High Performer,5
825,13.1,76.1,15,88.5,93.1,2.8,5,6.9,1,Active Balanced,6
826,17.3,86.9,15,72.2,95.3,4.4,4,6.2,1,Active Balanced,3
827,14.2,85.0,15,69.4,73.5,2.7,4,5.8,1,Active Balanced,3
828,33.9,99.0,20,92.3,99.2,2.3,3,7.9,1,High Performer,5
829,19.3,84.8,12,69.6,80.8,5.1,4,6.7,1,Average Performer,1
830,14.9,76.7,19,59.1,74.3,2.9,2,5.7,1,Average Performer,3
831,2.3,59.8,4,44.1,60.1,7.1,3,7.0,0,At Risk,0
832,18.6,77.3,11,71.9,67.7,2.7,3,6.5,1,Average Performer,2
833,23.3,90.7,10,83.6,81.0,2.8,4,4.6,1,Active Balanced,3
834,3.9,55.7,4,50.2,57.7,7.7,0,6.0,0,At Risk,7
835,18.3,83.7,15,79.4,86.5,5.0,2,7.3,1,Average Performer,3
836,26.0,81.5,13,78.6,75.3,7.0,2,7.5,1,Average Performer,1
837,0.0,58.3,8,59.2,52.1,6.4,1,6.2,0,At Risk,7
838,21.3,93.3,19,71.8,71.3,0.0,4,6.3,1,Active Balanced,3
839,13.0,65.5,7,58.4,48.6,9.0,3,6.2,1,At Risk,7
840,14.7,78.8,9,64.7,78.3,2.8,4,6.3,1,Average Performer,2
841,12.6,95.0,15,70.4,74.7,4.7,5,7.4,1,Average Performer,1
842,27.0,100.0,19,100.0,83.8,6.4,4,6.7,0,High Performer,5
843,10.0,83.1,18,72.8,73.4,2.3,1,5.6,1,Average Performer,8
844,0.0,65.4,11,69.2,53.5,8.6,0,5.0,0,At Risk,7
845,11.3,69.1,10,72.2,89.6,5.6,0,6.6,1,Average Performer,8
846,9.3,71.2,5,48.5,44.4,9.1,0,5.6,0,At Risk,7
847,8.9,76.2,4,52.7,51.7,10.9,0,4.6,0,At Risk,7
848,21.2,88.7,14,71.5,85.7,4.3,6,7.1,1,Active Balanced,6
849,32.7,99.8,20,92.9,92.3,2.8,3,7.5,1,High Performer,5
850,17.0,83.3,16,85.7,77.8,2.3,8,6.7,1,Active Balanced,6
851,12.8,87.9,8,85.5,77.7,5.1,4,7.0,1,Average Performer,1
852,5.3,73.4,6,95.1,70.3,5.5,4,5.6,1,Average Performer,8
853,12.1,92.6,15,66.6,89.7,2.4,2,7.0,1,Average Performer,3
854,16.6,81.4,12,72.0,73.6,4.9,2,6.7,1,Average Performer,8
855,18.6,95.8,14,72.0,89.5,4.8,5,8.6,1,Active Balanced,1
856,3.9,78.3,9,59.2,78.3,6.3,4,6.4,1,Average Performer,8
857,16.3,85.7,20,78.8,83.6,3.2,3,6.6,1,Average Performer,3
858,8.6,59.0,0,56.5,66.3,8.8,2,6.2,0,At Risk,0
859,6.1,71.4,4,58.5,60.2,7.2,3,6.2,0,At Risk,0
860,33.5,90.2,19,80.8,90.4,4.0,5,6.9,0,High Performer,4
861,12.0,92.0,9,83.6,68.4,3.7,2,6.4,0,Average Performer,8
862,23.0,75.5,9,93.3,81.4,6.5,1,7.1,1,Average Performer,8
863,33.6,99.0,15,98.7,95.4,1.9,4,7.3,1,High Performer,5
864,12.9,74.2,3,60.8,49.6,6.0,2,5.5,0,At Risk,0
865,24.7,91.0,17,74.0,94.7,3.3,5,6.8,1,Active Balanced,4
866,17.8,81.6,9,66.6,61.2,5.1,3,6.8,1,Average Performer,2
867,16.8,91.3,15,82.3,86.5,5.7,7,6.2,0,Active Balanced,1
868,9.2,63.4,8,52.4,48.2,7.3,1,5.8,0,At Risk,7
869,19.8,80.0,16,85.1,97.2,5.6,4,6.8,1,Average Performer,1
870,11.8,57.4,12,59.7,53.8,9.6,3,5.2,1,At Risk,7
871,29.6,90.6,20,86.9,99.8,1.6,7,7.3,1,High Performer,4
872,17.7,93.1,13,70.4,76.2,3.5,7,7.0,1,Active Balanced,6
873,22.0,92.2,14,70.4,86.9,2.5,5,7.7,1,Active Balanced,6
874,17.5,92.1,13,76.6,90.8,5.5,3,7.0,1,Active Balanced,3
875,19.4,84.3,19,61.5,83.9,5.3,3,5.4,1,Average Performer,3
876,25.1,95.9,18,97.1,73.7,4.1,6,7.3,1,High Performer,4
877,28.2,94.1,19,78.3,96.5,0.0,5,7.7,1,High Performer,4
878,5.5,79.2,15,73.4,86.0,3.8,5,7.0,1,Average Performer,1
879,15.3,73.8,6,55.2,58.9,8.3,0,6.3,0,At Risk,7
880,31.0,83.7,10,85.6,78.6,4.3,5,7.8,1,Active Balanced,1
881,26.1,92.7,20,79.7,98.6,0.5,5,8.4,1,High Performer,4
882,11.6,90.4,9,68.3,71.4,5.0,2,6.0,1,Average Performer,8
883,9.9,54.8,6,55.2,62.1,6.6,0,5.2,0,At Risk,0
884,25.1,89.4,13,66.4,89.7,4.0,6,8.2,1,Active Balanced,6
885,4.8,71.7,5,47.2,59.9,5.4,2,4.7,0,At Risk,0
886,25.2,80.1,13,72.4,82.7,5.5,6,5.8,1,Active Balanced,1
887,14.9,77.1,20,73.5,86.2,4.2,6,6.3,1,Average Performer,6
888,17.7,80.9,14,85.9,59.0,5.1,2,6.9,1,Average Performer,8
889,21.7,89.3,15,83.2,73.2,2.2,4,6.9,1,Average Performer,3
890,13.2,88.6,13,75.8,77.5,1.0,2,7.1,1,Average Performer,8
891,15.9,71.2,11,80.8,68.7,6.7,3,6.2,1,Average Performer,1
892,36.6,91.6,17,92.3,96.8,0.0,6,6.3,1,High Performer,4
893,12.2,61.0,5,46.9,69.9,11.0,0,5.5,0,At Risk,7
894,30.4,95.9,20,87.7,79.8,3.8,2,6.8,1,High Performer,5
895,21.4,84.3,15,67.1,85.3,3.8,7,7.7,1,Active Balanced,6
896,6.0,66.7,7,55.3,59.2,8.0,0,6.3,1,At Risk,7
897,14.4,100.0,8,68.9,76.6,3.5,2,8.6,1,Average Performer,2
898,7.3,73.0,5,51.9,65.3,6.4,2,5.5,0,At Risk,0
899,19.4,94.8,20,90.1,74.0,2.5,5,7.6,1,High Performer,4
900,26.2,99.9,17,90.6,100.0,3.8,6,8.4,1,High Performer,4
901,4.5,66.2,5,65.8,60.1,6.8,0,4.6,0,At Risk,7
902,40.0,100.0,17,91.6,89.9,5.1,4,6.9,1,High Performer,5
903,22.5,95.1,19,93.9,99.5,3.0,4,7.7,1,High Performer,5
904,14.6,99.8,13,61.0,90.5,7.5,4,6.4,1,Active Balanced,1
905,0.0,73.0,7,52.9,47.7,9.6,2,5.6,0,At Risk,7
906,1.6,80.5,0,76.2,63.8,10.0,2,5.5,0,At Risk,7
907,18.5,77.4,14,79.8,83.1,4.8,2,6.9,1,Average Performer,8
908,21.5,91.4,15,93.7,96.8,1.5,6,7.0,1,Active Balanced,4
909,12.8,64.8,5,46.3,57.6,7.5,2,6.5,0,At Risk,0
910,24.6,100.0,18,100.0,95.6,3.2,0,7.6,1,High Performer,5
911,35.3,91.9,17,99.3,92.6,2.3,3,7.9,1,High Performer,5
912,6.2,79.4,10,74.7,72.9,5.3,2,6.8,1,Average Performer,8
913,12.4,62.1,1,51.9,66.4,6.6,3,5.3,0,At Risk,0
914,10.2,91.2,14,67.7,71.3,8.2,3,6.7,0,Average Performer,1
915,17.6,66.3,9,51.2,52.3,9.9,0,5.2,0,At Risk,7
916,1.3,75.4,9,71.1,75.0,4.0,2,6.3,0,Average Performer,8
917,20.7,92.7,16,89.3,91.4,2.5,4,7.7,1,Active Balanced,4
918,36.7,91.8,14,80.1,92.2,0.7,6,6.2,1,High Performer,4
919,33.0,91.5,15,95.3,94.5,3.6,4,8.6,1,High Performer,5
920,21.6,100.0,18,97.2,97.0,0.6,3,6.2,1,High Performer,5
921,24.0,88.8,20,76.8,93.3,1.0,4,6.5,1,High Performer,4
922,34.5,87.7,20,71.0,93.9,0.1,2,6.0,1,High Performer,5
923,12.1,81.7,11,67.2,90.4,1.7,3,6.7,1,Average Performer,2
924,27.3,98.9,20,94.0,76.5,0.7,3,9.9,1,High Performer,5
925,11.3,79.6,10,67.7,93.6,5.3,0,7.6,1,Average Performer,8
926,25.1,95.0,12,74.6,85.4,3.7,3,6.3,1,Active Balanced,3
927,8.5,61.5,5,58.2,59.2,7.0,1,5.3,0,At Risk,0
928,23.8,93.6,18,85.7,67.2,0.0,2,8.0,1,High Performer,5
929,14.2,90.3,12,86.9,79.1,1.0,2,6.3,1,Average Performer,8
930,25.2,100.0,20,91.2,93.1,1.9,5,8.9,1,High Performer,4
931,11.5,87.2,13,73.4,79.1,3.8,2,6.1,1,Average Performer,8
932,26.1,82.4,12,77.5,85.3,3.6,3,9.3,1,Average Performer,3
933,26.8,87.7,18,78.3,83.9,3.9,4,6.6,0,Active Balanced,3
934,15.0,84.3,11,74.5,83.0,4.5,5,7.4,1,Average Performer,1
935,20.7,90.9,13,66.8,69.8,3.7,2,8.0,1,Active Balanced,2
936,14.2,76.4,6,71.4,83.8,1.3,2,6.3,1,Average Performer,2
937,15.0,91.1,12,74.4,82.4,3.8,4,7.6,1,Active Balanced,1
938,36.5,81.0,20,93.9,88.4,0.0,5,8.9,0,High Performer,4
939,5.0,67.1,7,47.1,60.4,8.2,1,6.6,0,At Risk,7
940,31.4,94.6,18,83.7,97.9,3.1,1,6.8,1,High Performer,5
941,13.7,81.4,11,83.8,87.8,1.6,6,7.6,0,Average Performer,6
942,11.0,66.8,4,63.9,60.9,8.4,1,6.4,0,At Risk,7
943,3.9,62.2,7,55.2,60.2,4.7,3,5.8,1,At Risk,0
944,37.6,100.0,14,99.2,92.8,2.7,4,7.9,0,High Performer,5
945,5.1,70.9,11,61.6,55.5,7.0,0,8.0,0,At Risk,7
946,28.3,100.0,12,92.6,93.4,2.4,3,9.1,1,High Performer,5
947,20.3,91.0,13,63.6,88.0,1.0,7,7.2,1,Active Balanced,6
948,31.4,100.0,20,94.4,93.2,0.0,2,7.4,1,High Performer,5
949,13.8,80.2,11,77.1,62.5,2.2,5,6.1,1,Average Performer,2
950,10.7,72.9,10,80.0,75.0,3.8,2,6.7,1,Average Performer,8
951,22.3,100.0,18,99.5,97.6,0.0,6,7.9,1,High Performer,4
952,27.2,89.9,12,82.3,87.3,1.1,4,8.1,1,Active Balanced,4
953,5.1,55.1,7,51.9,70.2,9.9,0,6.4,0,At Risk,7
954,17.7,90.1,16,81.5,89.9,4.8,3,8.2,1,Active Balanced,3
955,28.6,100.0,18,89.8,85.4,0.3,4,9.3,1,High Performer,5
956,18.7,76.1,14,68.7,83.5,3.6,3,5.4,1,Average Performer,3
957,14.6,88.8,9,67.5,67.5,4.1,2,5.8,1,Average Performer,2
958,27.1,100.0,16,88.7,99.8,1.4,7,7.2,1,High Performer,4
959,26.5,94.8,16,73.7,87.9,6.0,4,7.7,1,Active Balanced,3
960,23.4,100.0,20,78.6,80.9,3.7,2,8.1,1,High Performer,3
961,20.1,95.9,12,74.0,68.9,4.3,4,7.4,1,Average Performer,1
962,31.5,79.6,14,80.0,85.4,2.0,5,7.9,1,High Performer,4
963,10.1,57.7,7,58.9,63.7,7.9,1,4.9,0,At Risk,7
964,0.0,62.2,4,40.5,61.8,6.5,2,4.6,0,At Risk,0
965,25.8,94.9,14,76.4,99.6,2.5,5,6.8,1,Active Balanced,4
966,20.1,80.7,18,84.9,100.0,0.0,2,8.1,1,Active Balanced,5
967,30.2,86.9,17,93.7,79.8,4.3,2,6.2,1,Active Balanced,5
968,10.2,66.8,5,57.9,48.1,7.4,0,5.9,0,At Risk,7
969,13.2,82.8,16,70.7,72.5,2.7,2,8.2,1,Average Performer,8
970,7.1,66.6,5,54.2,58.1,5.0,3,6.2,0,At Risk,0
971,8.3,56.9,10,52.4,70.1,6.2,3,6.8,0,At Risk,0
972,11.6,66.5,9,46.1,69.6,5.8,0,6.2,0,At Risk,0
973,12.9,60.5,7,62.6,68.3,4.7,3,6.8,0,At Risk,0
974,21.2,81.1,13,62.7,71.4,2.3,3,7.4,1,Average Performer,2
975,8.4,80.2,7,72.7,71.3,5.3,0,7.2,0,Average Performer,8
976,30.7,100.0,17,88.4,79.0,1.6,5,7.1,1,High Performer,4
977,16.1,69.5,9,63.5,44.8,7.7,0,5.6,0,At Risk,7
978,30.0,93.4,19,85.7,98.9,1.7,4,7.4,0,High Performer,5
979,26.2,87.0,11,80.0,100.0,4.9,3,7.1,1,High Performer,3
980,22.3,98.4,14,88.9,92.8,4.1,7,6.9,1,High Performer,4
981,18.7,97.2,17,88.9,95.9,3.3,7,7.3,1,High Performer,4
982,14.7,94.2,11,67.6,88.7,4.3,8,6.9,1,Active Balanced,6
983,11.9,82.9,8,55.4,64.1,4.1,1,7.6,1,Average Performer,0
984,23.2,91.4,16,83.8,89.4,2.6,5,6.5,1,Active Balanced,4
985,30.5,92.0,17,75.9,82.9,1.6,6,7.1,1,Active Balanced,4
986,2.3,72.0,4,50.1,57.6,8.5,3,5.0,0,At Risk,7
987,14.5,93.7,11,80.6,86.0,2.7,2,7.4,1,Average Performer,8
988,1.5,69.3,8,62.1,55.9,5.6,0,7.3,0,At Risk,7
989,16.8,92.3,7,73.0,73.4,5.2,3,5.0,1,Average Performer,2
990,13.7,81.1,9,90.8,73.0,5.3,3,8.1,1,Average Performer,8
991,20.6,78.5,18,62.7,78.6,5.5,2,8.9,1,Active Balanced,3
992,5.5,54.5,6,57.0,71.0,5.0,2,5.9,0,At Risk,0
993,22.9,87.5,20,100.0,95.9,0.9,2,8.0,1,High Performer,5
994,21.4,89.8,16,82.4,75.7,0.6,8,8.1,0,Active Balanced,6
995,15.6,91.0,15,79.4,85.4,1.5,6,7.6,1,Active Balanced,6
996,13.3,84.5,10,76.8,69.0,1.7,5,7.2,1,Average Performer,2
997,23.0,69.1,9,73.0,87.6,5.0,4,7.4,1,Average Performer,2
998,26.1,100.0,19,93.1,100.0,3.1,4,7.8,1,High Performer,5
999,28.2,97.7,20,82.4,86.0,0.0,8,8.0,1,High Performer,4
1000,25.9,100.0,16,96.8,99.3,3.7,5,7.6,1,High Performer,4
